ablation,recall@3,ndcg@5,non_local_recovery@3
full,0.904761904761905,0.9931139197989326,0.65625
no_type_onehot,0.8008658008658003,0.9648586560064335,0.28125
no_text,0.904761904761905,0.991900714464801,0.65625
no_proximity,0.904761904761905,0.994103027456916,0.65625
no_log_tokens,0.9090909090909091,0.9912009022513658,0.671875
no_is_local,0.904761904761905,0.9931139197989326,0.65625
type_only,0.904761904761905,0.9887092938147027,0.65625
text_only,0.5086580086580087,0.8466822139007741,0.484375
is_local_only,0.7922077922077917,0.9562358231307132,0.25
