method,recall@1,recall@3,recall@5,mrr,ndcg@5,coverage@1,coverage@3,coverage@5,coverage@7,distractor@3,non_local_recovery@3,token_norm_utility@3,avg_tokens@3,avg_tokens_full_context,avg_tokens_local_only
bm25,0.09740259740259738,0.4805194805194805,0.7943722943722942,0.5639764996907854,0.8333900126406847,0.1413213770356626,0.42499484642341784,0.7105236033807468,0.9021129663986808,0.008658008658008658,0.359375,13.251044678087823,2010.5324675324675,2123.896103896104,1493.8831168831168
embedding_all-MiniLM-L6-v2,0.16233766233766236,0.48917748917748916,0.7987012987012985,0.6761904761904763,0.857370147500564,0.14276437847866408,0.42829313543599257,0.7138218923933215,0.9054112554112554,0.0,0.375,26.816584938133044,1422.6753246753246,2123.896103896104,1493.8831168831168
local_first,0.36147186147186117,0.7922077922077917,0.8874458874458871,1.0,0.9614054590967783,0.14276437847866408,0.42829313543599257,0.7138218923933215,0.9054112554112554,0.0,0.25,12.134837214242769,1991.6883116883116,2123.896103896104,1493.8831168831168
type_priority,0.36147186147186117,0.8917748917748919,0.9826839826839827,1.0,0.9902678181493209,0.14276437847866408,0.42829313543599257,0.7138218923933215,0.9054112554112554,0.0,0.609375,93.49122575137147,1507.051948051948,2123.896103896104,1493.8831168831168
