method,hard_negative_rate@3,hard_negative_rate@5,recall@1,recall@3,recall@5,mrr,ndcg@5,coverage@1,coverage@3,coverage@5,coverage@7,distractor@3,non_local_recovery@3,token_norm_utility@3,avg_tokens@3,avg_tokens_full_context,avg_tokens_local_only
random,0.3419913419913419,0.35584415584415574,0.06277056277056277,0.21645021645021648,0.39826839826839816,0.42689698468919235,0.5018857356718939,0.07876726448155019,0.2663626056483198,0.4363739435168004,0.5964182642754072,0.3463203463203462,0.21875,38.84608013000444,808.1168831168832,2359.805194805195,1493.8831168831168
local_first,0.0,0.08571428571428576,0.36147186147186117,0.7922077922077917,0.8528138528138524,1.0,0.918743309097104,0.14276437847866408,0.42829313543599257,0.6435168006596581,0.7742527313955888,0.0,0.25,12.134837214242769,1991.6883116883116,2359.805194805195,1493.8831168831168
bm25,0.22943722943722944,0.23116883116883105,0.1017316017316017,0.32467532467532456,0.6017316017316019,0.5264223871366729,0.6502161668401667,0.12138218923933206,0.32586580086580086,0.5390744176458463,0.7677334570191714,0.23809523809523814,0.265625,10.058044577601922,2014.7142857142858,2359.805194805195,1493.8831168831168
embedding_all-MiniLM-L6-v2,0.06926406926406928,0.11688311688311691,0.15800865800865802,0.45454545454545464,0.7121212121212119,0.6610389610389611,0.7774450882775042,0.1378427128427127,0.39602659245516375,0.6198051948051952,0.7658369408369409,0.06926406926406928,0.34375,25.499785463858064,893.4285714285714,2359.805194805195,1493.8831168831168
type_priority,0.11688311688311687,0.19480519480519473,0.36147186147186117,0.8484848484848483,0.9307359307359307,1.0,0.8876855365069877,0.14276437847866408,0.3737992166563594,0.5654143475572045,0.7604050711193568,0.11688311688311687,0.453125,83.41088413087256,1508.4805194805194,2359.805194805195,1493.8831168831168
