method,warnings,pct_top1_essential,mean_first_essential_rank,mrr,recall@1,recall@3,recall@5
bm25,77,0.2727272727272727,2.2467532467532467,0.5639764996907854,0.09740259740259738,0.4805194805194805,0.7943722943722942
embedding_all-MiniLM-L6-v2,77,0.45454545454545453,1.9090909090909092,0.6761904761904763,0.16233766233766236,0.48917748917748916,0.7987012987012985
local_first,77,1.0,1.0,1.0,0.36147186147186117,0.7922077922077917,0.8874458874458871
type_priority,77,1.0,1.0,1.0,0.36147186147186117,0.8917748917748919,0.9826839826839827
