method,query_variant,avg_tokens@3,avg_tokens_full_context,avg_tokens_local_only,coverage@1,coverage@3,coverage@5,coverage@7,distractor@3,mrr,ndcg@5,non_local_recovery@3,recall@1,recall@3,recall@5,token_norm_utility@3
bm25,message_rule_category,2010.5324675324675,2123.896103896104,1493.8831168831168,0.1413213770356626,0.42499484642341784,0.7105236033807468,0.9021129663986808,0.008658008658008658,0.5639764996907854,0.8333900126406847,0.359375,0.09740259740259738,0.4805194805194805,0.7943722943722942,13.251044678087823
embedding_all-MiniLM-L6-v2,message_rule_category,1422.6753246753246,2123.896103896104,1493.8831168831168,0.14276437847866408,0.42829313543599257,0.7138218923933215,0.9054112554112554,0.0,0.6761904761904763,0.857370147500564,0.375,0.16233766233766236,0.48917748917748916,0.7987012987012985,26.816584938133044
bm25,message_rule_category_warning_line,1967.2727272727273,2123.896103896104,1493.8831168831168,0.1413213770356626,0.42499484642341784,0.7105236033807468,0.9021129663986808,0.008658008658008658,0.7207792207792209,0.8751176514777433,0.28125,0.18614718614718623,0.5952380952380949,0.8376623376623373,13.98639195449799
embedding_all-MiniLM-L6-v2,message_rule_category_warning_line,848.4155844155844,2123.896103896104,1493.8831168831168,0.14276437847866408,0.42829313543599257,0.7138218923933215,0.9054112554112554,0.0,0.7807359307359307,0.8834000590106597,0.34375,0.21861471861471865,0.5909090909090908,0.8116883116883115,35.868457971821634
